name,sort_name,slug,age,start_date,sort_date,start_agency,agencies,skill,category,blurb,govt_exit_date,govt_exit_truth,govt_exit_type,linkedin
Daniel Abrahamson,Abrahamson,daniel-abrahamson,41,,2025-01-20,USDA,"USDA,DOT",lawyer,support,"Apart from his identification in a few Politico articles naming him as DOGE's lawyer at the Department of Transportation, Daniel Abrahamson has kept a relatively low profile. He was formerly a senior counsel at Tesla since 2022.",,,,
Justin Aimonetti,Aimonetti,justin-aimonetti,31,2025-02-XX,2025-02-XX,DOGE,DOGE,lawyer,support,"Identified as one of DOGE's growing army of lawyers, Justin Aimonetti has most recently been involved in DOGE's shutdown efforts against small independent agencies like the Corporation for Public Broadcasting, acting as a point of contact between DOGE teams from the GSA and the White House through his Executive Office of the President (EOP) email address.",2025-08-XX,verified,resigned,https://www.linkedin.com/in/justin-aimonetti-16a50875
Baris Akis,Akis,baris-akis,,,2025-01-20,,,recruiter,leadership,"Baris Akis was a booster for DOGE before it even formally existed, and he has been linked to its activities at the IRS, Treasury and OPM by the _New York Times_. As a non-US citizen (he has a green card), Mr. Akis is not formally a part of DOGE, but he was identified as leading operations as recently as March alongside fellow Musk loyalists Anthony Armstrong and Steve Davis. He is the president and co-founder of the company Human Capital.",,,,https://www.linkedin.com/in/barisakis/
Jacob Altik,Altik,jacob-altik,32,2025-01-24,2025-01-31,OPM,"OPM,USADF,FCC",lawyer,wrecker,"Jacob Altik is a 2021 graduate of the University of Michigan Law School. Prior to joining DOGE, he clerked for DC Circuit Appeals Judge Neomi Rao, who was a protege of Russell Vought in the first Trump administration. As a lawyer, he is often responsible for backing up DOGE's actions with legal threats, and there are several reported cases of him attempting to browbeat independent agencies into compliance with administration policy. He has also been selected to be a clerk for Supreme Court Justice Neil Gorsuch this summer, so it's unclear how long his tenure with DOGE will last.",,,,https://www.linkedin.com/in/jacob-altik-48a34b10b/
Marc Andreessen,Andreessen,mark-andreesen,,,2025-01-20,,,recruiter,booster,"According to early reports, Marc Andreesen's only direct involvement with DOGE was interviewing potential candidates at Mar-a-Lago in December 2024. However, he continues to be a strident booster of the effort.",,,,
Anthony Armstrong,Armstrong,anthony-armstrong,57,2025-01-20,2025-01-20,OPM,"OPM,FDIC,DHS",executive,leadership,"Anthony Armstrong comes to DOGE from the world of finance, where he worked on Musk's acquisition of Twitter as a bank executive at Morgan Stanley. Since joining DOGE at OPM, he has mostly operated quietly in a support role, but in April he was spotted at the FDIC, and I would expect him to be involved with DOGE's work against other independent financial entities. Although he has a relatively modest title, recently departed DOGE member Sahil Lavingia indicated that he was running operations for teams across government with Baris Akis and Steve Davis. Reportedly, he left his OPM position in April but continues to coordinate DOGE from within DHS.",,,,
Jennifer Balajadia,Balajadia,jennifer-balajadia,36,,2025-02-05,Education,Education,administrator,leadership,"An longtime personal assistant to Elon Musk – who reportedly once told a Twitter employee that ""Elon is special in this world. It is our job to protect him and make sure what he wants to have happen"" – Jennifer ""Jehn"" Balajadia has been linked to the Department of Education and possibly a few other agencies by the _New York Times_, but actual details of her activity have been scarce.",,,,
Micaela Lopez Ballefin,Ballefin,micaela-lopez,,,2026-07-04,GSA,"GSA,SBA",,wrecker,"After she appeared in a listing of staff with Senior Advisor titles at the Small Business Association, Politico has identified her as a former employee of Twitter/X and also a Uruguayan citizen. As the latter, she would normally be ineligible to work for the US government, but she has been hired as a contractor at the GSA as a senior engineering manager working with Matthew Markhurst-Session and Thomas Shedd.",,,,
Ankur Bansal,Bansal,ankur-bansal,,,2025-05-15,DOT,DOT,executive,wrecker,"He is the president of Homelight, which makes software for the real estate industry. Prior to that, he founded SnapSaves, a startup that was later acquired.",,,,
Samuel Berry,Berry,sam-berry,,,2025-01-20,USDA,USDA,coder,enabler,"He was named as a member of the DOGE team at USDA in response to a FOIA request from American Oversight. Based on a name and image match from the USDA Flickr account of him being sworn in, he seems to be a software developer and founder of a small web company [Ten Five Engineering](https://tenfive.engineering/about/).",,,,
Sam Beyda,Beyda,sam-beyda,,2025-02-(13)~,2025-02-13,DOL,DOL,,unknown,Only public mention is a single NBC reports. More information needed.,,,,
Alexandra Beynon,Beynon,alexandra-beynon,36,2025-02-(04)~,2025-02-04,DOGE,"DOGE,Education",coder,wrecker,"Not much is known about Alexandra Beynon's work on behalf of DOGE at the Department of Education. Prior to that, she worked as the head of engineering at her husband's startup company which sold guided ketamine therapy for use in the home. Although she hasn't been publicly linked to DOGE work at other agencies, Alexandra was one of the recipients cc'ed in an email organizing mass layoffs at the CFPB sent by Gavin Kliger. It's unclear if she has a similar role in the staffing reducations at the Department of Education.",,,,
Riccardo Biasini,Biasini,riccardo-biasini,39,2025-01-20,2025-01-20,OPM,OPM,coder,support,"Riccardo Biasini is an executive and software engineer who has worked at both Tesla and the Boring Company, both of which are Musk-owned businesses. Since joining the DOGE staff at OPM on January 20th, he has largely been focused on personnel-related initiatives like modernizing an ""AutoRIF"" system for automating layoffs at agencies. As a software developer, he likely has been connected to other initiatives like the Fork in the Road or the Five Things emails, but he has kept a lower profile than other engineers.",,,,https://www.linkedin.com/in/riccardobiasini/
Jared Birchall,Birchall,jared-birchall,,,2025-01-20,,,recruiter,booster,"Identified recently in a WSJ story as Elon Musk's longtime ""fixer"" and the manager of Musk's family office, Jared Birchall was instrumental in organizing Musk's donations to the Trump campaign. He was part of the team in place before the Inauguration to interview DOGE staffers and build out the team.",,,,
Frank Bisignano,Bisignano,frank-bisignano,,2025-05-06,2025-05-06,SSA,SSA,executive,enabler,"Only recently appointed to the head of the Social Security Administration (SSA), Frank Bisignano has admitted to some back-channel coordination the DOGE-affiliated CIO Mike Russo, but he denies that he secretly gave direction to the DOGE team before his nomination was confirmed.",,,,
Brian Bjelde,Bjelde,brian-bjelde,44,2025-01-20,2025-01-20,OPM,OPM,administrator,support,"A SpaceX veteran who has spent 20 years at the company, Brian Bjelde also helped Elon Musk to drastically cut staff after his takeover of Twitter. It seems like Brian ia happy being a hatchet man, and he likely has been involved in the efforts to cut government staff, including a plan to eliminate 70% of the positions at OPM.",,,,
Adam Blake,Blake,adam-blake,,,2025-06-15,Energy,"Energy,NRC",,wrecker,,,,,
Akash Bobba,Bobba,akash-bobba,21,2025-01-20,2025-01-20,OPM,"OPM,Education,SSA,SBA",coder,wrecker,"Identified early in media reports as one of six engineers picked on Elon Musk's team, Akash Bobba was a prolific wrecker from the start, including an unusual detailing document where we as assigned to OPM, Education and Social Security simultaneously. Initially, he served as a volunteer, but he been on the payroll at the Social Security Administration since early February, where has been a trusted lieutenant of Mike Russo.",,,,
Ashley Boizelle,Boizelle,ashley-boizelle,,2025-02-XX,2025-02-15,DOGE,"DOGE,GSA",lawyer,support,"Ashley Boizelle most recently served as lawyer within Amazon, but she worked as a counsel within the FCC during the first Trump administration, making her one of the few DOGE staffers with previous government experience. She has been linked to both DOGE offices within the EOP as well as GSA. Most of her activities have been under the radar, but we was consulted by CFPB leadership as they planned for massive layoffs at the agency.",,,,
Emily Bryant,Bryant,emily-bryant,23,2025-03-XX,2025-03-05,DOGE,"DOGE,GSA,FTC",recruiter,wrecker,"A relatively new arrival to DOGE. My only information on her is a sighting on the DOGE team at the FTC. ProPublica did report that she has an email address at both GSA and EOP, so I am assuming she started there and was detailed outward. In a recent podcast, Antonio Gracias said that ""[Baris Akis] and Emily do the recruiting."" Is it possibly her?",,,,
James Burnham,Burnham,james-burnham,41,2025-01-(23)~,2025-01-23,DOGE,DOGE,lawyer,support,"James Burnham served in the previous Trump administration at both the White House and the Department of Justice. The New York Times mentioned his involvement with DOGE in an article from mid-January, and he has been listed in several subsequent media round-ups of DOGE's lawyers. He departed from his position a day after Elon Musk left his role.",2025-05-29,verified,resigned,
Brian Burroughs,Burroughs,brian-burroughs,,2025-06-XX,2025-06-15,GSA,GSA,coder,unknown,"Brian Burroughs was apparently introduced to GSA staff in June by Thomas Shedd and Stephen Ehikian. It apparently seemed “like they were looking for things for him to work on.” Until I find out what those things might be, I am classifying him as an unknown. There is a Brian Burroughs who is the CTO of Business Operational Concepts, a small contracting firm that does business with the federal government and GSA. It's possible he is that person, but the name is generic enough that it might be someone else.",,,,
Joshua Carter,Carter,joshua-carter,,2025-03-XX,2025-03-15,SBA,SBA,analyst,wrecker,"I don't have much info on this person yet, but they were named as being a Senior Advisor at the SBA, which was a title also assigned to known DOGE members at that agency. He seems to have come from an investment background at Morgan Stanley and his own firm, Sepio Capital.",,,,https://www.linkedin.com/in/josh-carter-cfa-caia-0a854b4b/
Nate Cavanaugh,Cavanaugh,nate-cavanaugh,28,2025-02-03,2025-02-03,GSA,"GSA,USADF,IAF,USIP,NEH,MCC,IMLS,Commerce,MBDA,NLRB,USDFC,EXIM,MSPB",coder,wrecker,"A former tech entrepeneur, Nate Cavanaugh was initially spotted as one of the DOGE staffers interviewing GSA federal staff to determine layoffs. Since March however, he has been the de facto leader of DOGE's [sustained attacks against multiple independent agencies](/agencies/independent) such as the NEH or IMLS. These attacks begin with Nate offering IT Modernization assistance from the GSA and then escalate through the White House firing agency leadership and naming Nate (or an associate) as the new acting agency head. Once in power, he quickly places all employees on administrative leave and starts firing staff and cancelling grants. Much like a vampire, if he shows up at the door of your agency, do not let him inside.",2025-08-06,reported,resigned,
Alison Childs,Childs,alison-childs,,2025-05-XX,2025-05-15,GSA,GSA,designer,support,"According to ProPublica, she has been hired at GSA to work on [a website promoting use of AI within the government](https://www.404media.co/github-is-leaking-trumps-plans-to-accelerate-ai-across-government/)",,,,
Yat Choi,Choi,yat-choi,,2025-06-XX,2025-06-14,GSA,"GSA,OPM",coder,support,"An Airbnb engineer working with alumni Joe Gebbia and Andrew Vilcsak on the retirement modernization project at the OPM, Yat Choi is also reportedly a Canadian working on a temporary visa. It true, this circumstance would normally disqualify him from being a federal employee unless some special waiver were granted.",,,,https://www.linkedin.com/in/yat-choi/
Carl Coe,Coe,carl-coe,,2025-02-XX,2025-02-01,DOGE,"DOGE,EPA",executive,enabler,"Carl Coe has been the leader of the DOGE team embedded within the EPA, where he has kept a remarkably low profile, even as other DOGE staffers like Cole Killian and Kathryn Armstrong Loving showed up in media reports. At the EPA, his primary focus would be on reducing the effectiveness of the agency through eliminating staff and whittling down regulations.",,,,https://www.linkedin.com/in/carl-coe-912b82/
Michael Cole,Cole,michael-cole,,2025-02-10,2025-02-10,USDA,USDA,executive,wrecker,,,,,
Miles Collins,Collins,miles-collins,36,2025-02-18,2025-02-18,DOL,DOL,executive,wrecker,"Before working for DOGE, Miles Collins worked for a financial firm and also ran a fertility clinic in Los Angeles. This might be his connection to Musk, who has had stridently pro-natalist politics. His focus at the Department of Labor has reportedly been on spending and obligations. Unlike other members of DOGE hired at the DOL – Marko Elez and Aram Moghaddassi – he does not seem to have been detailed to other agencies, and it's unclear what he has been doing recently. In April, he was given access to multiple sensitive databases focused on immigrant populations, likely in support of DOGE's anti-immigrant surveillance project.",,,,
George Cooper,Cooper,george-cooper,,,2025-01-20,,,recruiter,booster,"After Anthony Jancso posted his [initial recruitment messages for DOGE](https://www.wired.com/story/elon-musk-doge-recruiting-palantir/) to a chat group for Palantir alumni, George Cooper chimed in to say he was also recruting for the organization. A Palantir engineer since 2019, it's unclear if he had any other involvement with DOGE since.",,,,
Sam Corcos,Corcos,sam-corcos,36,2025-02-28,2025-02-28,IRS,IRS,executive,enabler,"Sam Corcos is the co-founder of lifestyle business Levels Health (with Casey Means, the nominee for Surgeon General) which sells metabolic tracking devices. It has received funding from Andreessen Horowitz, and that is probably the connection to DOGE. He has been embedded within the IRS since February as was named a CIO at the agency in March, giving him a large amount of power over how the agency allocates its IT resources.",,,,https://www.linkedin.com/in/samcorcos/
Edward Coristine,Coristine,edward-coristine,19,2025-01-20,2025-01-20,GSA,"GSA,OPM,USAID,SBA,DHS,FEMA,State,TSA,USCIS,CISA,Education,HHS,CMS,SSA",coder,wrecker,"Perhaps the most famous of the DOGE wreckers, Edward ""Big Balls"" Coristine achieved early attention for joining DOGE at the young age of 19. Previously, he had been a camp counselor and a summer intern at Neuralink, who grew up in wealth and joined up with hacking groups online, before eagerly jumping on to the DOGE bandwagon.
However, he has also accrued a large number of hits on his wrecking spree across the federal government, starting at the GSA on Day One and then detailing to OPM and a large number of other agencies within a short amount of time; for instance, he appears to have been DOGE's vanguard within the Department of Homeland Security. Most recently, he has been linked to a team developing an online application for a $5 Million ""Gold Card"" Visa that has been promoted by Trump as a new revenue stream for the US.",,,,https://www.linkedin.com/in/bigballs/
Scott Coulter,Coulter,scott-coulter,40,2025-01-XX,2025-01-XX,NASA,"NASA,SSA",executive,enabler,"Scott Coulter started his work for DOGE as a wrecker based in Social Security and detailed to NASA, but when Mike Russo was abruptly demoted as the CIO for Social Security, Scott stepped up into the role. Recently, however, the _New York Times_ reported that Aram Mohgaddassi and Mike Russo were acting informally as co-CIOs within Social Security, leading to questions if Scott Coulter is still there or if he's just occupying a figurehead role.",,,,
Clayton Cromer,Cromer,clayton-cromer,,2025-01-20,2025-01-20,OPM,"OPM,USAID,DOJ",lawyer,support,"As one of the legal attack dogs within DOGE, Clayton Cromer was involved with the efforts to shut down USAID, including chasing down an administrator to suspend him for not agreeing to suspend other staff who were accused of subverting the administration's agenda just by doing their jobs. More recently, he has appeared at the DOJ, where he has been repoortedly badgering US Congressman (and former whistleblower) Vindman about a business that supplied assistance to Ukraine in their war.",,,,
Ethan Damiano,Damiano,ethan-damiano,,2025-01-(20)~,2025-01-20,SBA,SBA,,unknown,"I don't have much info on this person yet, but they were named as being a Special Advisor at the SBA, which was a title also assigned to known DOGE member Aram Moghaddassi. His background does seem to be as a field organizer for the Trump campaign, so while he matches the ""young, eager, doesn't ask questions"" DOGE demographic, he probably isn't writing code.",,,,
Steve Davis,Davis,steve-davis,45,2025-01-20,2025-01-20,DOGE,DOGE,executive,leadership,"Reportedly so loyal to Elon Musk that associates have joked he would jump off a cliff if Musk asked him, Steve Davis has long been besides Musk's side at various companies, serving in senior executive roles at the Boring Company and Twitter. At Twitter, he was reportedly so dedicated to the work that he moved into the offices with his wife, Nicole Hollander, and their small child. And it is also reported that he was once so distressed by setbacks and failures that he started pulling out his own hair.
It's been a thinly-veiled secret that Steve Davis was running the show at DOGE, well before Amy Gleason was publicly named as the administrator. And recent interviews with Sahil Lavingia and other insiders suggested he had continued to fill that role, until he abruptly departed after Elon Musk left.

Despite no longer being in government, Steve Davis has reportedly stayed in contact with DOGE staffers and has directed their actions through back-channel communications. Reportedly, he has even called for the firing of DOGE staffers who expressed concerns about the legality of his continued involvement.",2025-05-29,verified,resigned,
Stephen Duarte,Duarte,stephen-duarte,32,2025-02-03,2025-02-03,OPM,OPM,administrator,support,"Like three other new DOGE staffers who started early t OPM, Stephen Duarte was previously a HR specialist at SpaceX. He reportedly has worked closely with Brian Bjelde.",,,,https://www.linkedin.com/in/stephenduarteboisestateeastbay/
Leland Dudek,Dudek,leland-dudek,,2025-02-16,2025-02-16,SSA,SSA,administrator,enabler,"DOGE is only able to subvert agencies when it has the explicit cooperation and support of senior leadership there. Nobody better
exemplifies than Leland Dudek, who was a relatively minor supervisor within Social Security before he was placed on leave for
insubordination by giving DOGE access without authorization. Soon, he was rewarded for his defiance by being named Acting
Commissioner for the agency after the Trump administration fired the existing commissioner.

With the appointment of Steve Bisignano to the role of Commissioner, Leland Dudek has stepped aside out of the limelight and
was dismissed by SSA in June. In a recent interview with ProPublica, Dudek has stated that some of his apparent blustering
and stumbling in the role were deliberate to wake up people to what was happening, and that he often was the leaked source
for articles critical of himself and DOGE.",2025-06-XX,reported,fired,
Stephen Ehikian,Ehikian,stephen-ehikian,43,2025-01-20,2025-01-19,GSA,GSA,executive,enabler,"Stephen Ehikian is an executive from Silicon Valley, like so many of the DOGE leaders. His specific background involves stints at Salesforce and an AI-related startup. Since starting at GSA, he has been a prime supporter of DOGE's various efforts both within the agency (staffing up a team of wreckers, cancelling building leases) as well as ways in which GSA's central role can affect the wider government (canceling purchase cards, controlling shared services). He also has been a vocal booster to roll out an AI-based tool named GSAi to the whole workforce, despite it demonstrating lackluster results in pilot tests.",2025-09-03,reported,resigned,
Marko Elez,Elez,marko-elez,25,2025-01-21,2025-01-21,Treasury,"Treasury,DOL,SSA,HHS,CMS,DHS,CBP,ICE,TSA,USCIS",coder,wrecker,"Marko Elez first appeared as the only DOGE member who was authorized to access confidential systems at the Bureau of Fiscal Services within the Treasury Department, a development which was swiftly blocked for a while by lawsuits. During that time, he also became the only DOGE member to resign his position, when various past racist tweets of his were discovered by the _Wall Street Journal_. He was quickly reinstated by Elon Musk with the support of J.D. Vance, who saw nothing wrong with his speech; indeed, since then DOGE has added several other members linked to racist and extremist content online. Upon rejoning DOGE, Marko Elez was placed with Aram Moghaddassi on a team inside of the Department of Labor, and the two are frequently sent on reimburable details to other agencies like SSA or DHS.",,,,
Bee Elvy,Elvy,bee-elvy,,2025-05-XX,2025-05-15,GSA,GSA,designer,support,"According to ProPublica, he has been hired at GSA to work on [a website promoting use of AI within the government](https://www.404media.co/github-is-leaking-trumps-plans-to-accelerate-ai-across-government/)",,,,
Charles Ezell,Ezell,charles-ezell,,2025-01-20,2025-01-20,OPM,OPM,executive,enabler,"Before the Trump inauguration, Charles Ezell's title was Branch Chief for OPM's Data & Analytics division located in Macon, GA. Through circumstances currently unknown, he was named the new Acting Director for the agency on January 20th. Since then, he has used his position to be the quintessential [enabler](/people/enablers/), providing cover (and sometimes firepower) to ensure the DOGE is able to get its way within the agency. Ths included such work as immediately replacing the CIO with Greg Hogan or issuing directives asking for data on probationary workers or other data calls with ridiculously tight deadlines. At some times, even Ezell seemed like he was caught flat-footed by DOGE's plans, including the confusing rollouts for the ""Fork in the Road"" or the ""Five Things"" emails. He also has wildly overstated the control that OPM has over federal hiring and firing.

He certainly has done the most work for DOGE of any acting administrator. Perhaps this is why he was still in the role months later, with nominee Scott Kupor not being confirmed by the Senate until July 9th.",,,,
Carter Farmer,Farmer,carter-farmer,,2025-05-(08)~,2025-05-04,EPA,EPA,coder,enabler,"A former director of IT Systems and Solutions at the USIP, he apparently joined up with DOGE after they took over and destroyed that agency. Since  then, he has been named the new CIO of the Environmental Protection Agency, presumably providing access and support for DOGE teams within the agency.",,,,https://www.linkedin.com/in/carterfarmer/
Luke Farritor,Farritor,luke-farritor,23,2025-01-20,2025-01-20,GSA,"GSA,HHS,USAID,CDC,CMS,Energy,CFPB,State,NIH,NSF,DOL,DHS,ICE,TSA,USCIS",coder,wrecker,"Although he doesn't have the same brash presence as his collegues Edward Coristine or Gavin Kliger, Luke Farritor has proven to be one of the most ruthless operatives among the DOGE wreckers. From the start, he has been dispatched to multiple agencies from the GSA with the sole purpose of seizing control of their spending mechanisms (through grants or direct expenditures). At HHS, he has admin control of Grants.gov, which is used by 18 agencies to issue grants. And, at USAID, he worked with Gavin Kliger to completely lock out agency staff from being able to disburse funds, freezing millions in grants and making him directly responsible for likely [hundreds of thousands of deaths](https://www.bu.edu/sph/news/articles/2025/tracking-anticipated-deaths-from-usaid-funding-cuts/) worldwide.",,,,https://www.linkedin.com/in/luke-farritor/
Conor Fennessy,Fennessy,conor-fennessy,32,2025-01-31,2025-01-31,Education,"Education,HHS,CMS,DOI,SBA",analyst,wrecker,"There aren't many public details about Conor Fennessy, except that he apparently has a background in finance. Whatever his story, he joined up early with DOGE, starting as a part-time consultant at the Department of Education before heading over to HHS and then the Department of the Interior. His main specialization seems to be reviewing grants for cancellation if they match certain _verboten_ topics like climate change or ""DEI.""",,,,
Joshua Fox,"Fox, Joshua",joshua-fox,,2025-02-XX,2025-02-XX,DOGE,DOGE,lawyer,unknown,"Apart from his appearance on a leaked list of DOGE's lawyers, there isn't any public information about Joshua Fox.",,,,
Justin Fox,"Fox, Justin",justin-fox,27,2025-03-XX,2025-02-20,GSA,"GSA,NEH,MCC,WWICS,NLRB",analyst,wrecker,"Joining GSA as a wrecker in mid-February, Justin Fox has mainly served as Nate Cavanaugh's sidekick for the destruction of several small independent federal agencies. Prior to his career as a visigoth, he worked as an analyst at several different investment firms. He was all friends in college with fellow wrecker Marshall Wood.",,,,
Justin Fulcher,Fulcher,justin-fulcher,32,2025-02-(04)~,2025-02-04,VA,"VA,DOD",coder,wrecker,"Justin Fulcher is a programmer and entrepeneur, whose last project was a telehealth startup called RingMD (although there are [some questions about its success and his life story](https://www.forbes.com/sites/davidjeans/2025/03/04/pentagon-doge-official-justin-fulcher/)). Justin started his work for DOGE as an employee working within the VA and keeping a low profile. More recently, he has moved over to the Department of Defense, where he is a Special Advisor in Pete Hegseth's office.",2025-07-20,verified,resigned,https://www.linkedin.com/in/mrjustinfulcher/
Nicholas Gallagher,Gallagher,nicholas-gallagher,36,2025-05-XX,2025-05-15,GSA,GSA,lawyer,support,"Nicholas Gallagher is a lawyer working within GSA. Prior to that, he worked at a law firm Clement & Murphy, ""which specializes in arguing conservative causes before the U.S. Supreme Court"" according to ProPublica.",,,,
Mattieu Gamache-Asselin,Gamache-Asselin,mattieu-gamache,34,2025-01-XX,2025-01-XX,HHS,HHS,coder,unknown,"Reported as present in HHS in January by ProPublica, but there are no other details about his time there or what he was doing.",,,,
Joe Gebbia,Gebbia,joe-gebbia,43,2025-02-18,2025-02-18,OPM,"OPM,EOP",executive,wrecker,"Joe Gebbia is very much a known person – he is a co-founder of AirBnB and has appeared among the DOGE staff on several television interviews. He started in February at OPM, where he has worked to accelerate a Biden-era project to modernize retirement claims processing. More recently, he has been part of an inter-agency collaboration between DHS, State and USCIS to develop a $5 Million ""Gold Card"" immigration visa.",,,,
Derek Geissler,Geissler,derek-geissler,,2025-02-XX,2025-02-01,GSA,"GSA,DOL",coder,unknown,"Apart from a single report by NBC News placing him at the Department of Labor in mid-February, there are no public details about Derek Geissler. According to ProPublica, ""Geissler has been working at the GSA since the beginning of the administration in close coordination with political leadership on DOGE special projects, including artificial intelligence and data sharing efforts."" Despite his prominent position, Derek has done a good job of avoiding the spotlight.",,,,
Patrick George,George,patrick-george,42,2025-02-(18)?,2025-02-18,DOD,DOD,executive,wrecker,"Patrick George is reportedly the DOGE lead in the US Navy, where he has been involved in reviewing contracts. He comes from a venture capital background, and was also a Marine. Pete Hegseth has claimed that all of the DOGE staff within the Department of Defense will be veterans.",,,,
Patricia Gibson,Gibson,patricia-gibson,,2025-02-XX,2025-02-XX,SBA,SBA,,unknown,"I don't have much info on this person yet, but they were named as being a Senior Advisor at the SBA, which was a title also assigned to known DOGE members at that agency. I know that she worked at SBA as a Senior Advisor in the previous Trump administration, so this might be a false alarm, but her LinkedIn listed her current role just as ""Organizational Development Consultant"" which seems like DOGE's evasion. However, this is looking like a false alarm.",,,,https://www.linkedin.com/in/patriciagibsondc/
Brady Glantz,Glantz,brady-glantz,27,2025-02-16,2025-02-16,FAA,FAA,coder,wrecker,"One of the four SpaceX engineers who were brought into the FAA on an ad hoc basis, he was only approved to work for 4 days at the agency. That term was extended, only to be forcibly ended on June 2nd.",2025-06-02,reported,fired,
Amy Gleason,Gleason,amy-gleason,53,2024-12-30,2024-12-30,DOGE,"DOGE,HHS,CMS",coder,leadership,"Amy Gleason was suddenly thrusted into the public spotlight on Feb. 18, 2025 when the White House Press Secretary identified her as the Administrator of DOGE. Conveniently, she was on vacation in Mexico at the time, so the press was unable to clarify if she was also blindsided by the news. Since then, she has gamely testified for a few times as the administrator of DOGE, but since early March she has largely resumed working full-time as an official employee within HHS, where she had started work in January 2025 for the US Digital Service. Nobody in DOGE seems to even be pretending anymore that she is running things.",,,,https://www.linkedin.com/in/gleasonamy/
Mike Gonzalez,Gonzalez,mike-gonzalez,36,2025-03-XX,2025-03-15,OPM,OPM,executive,support,Mike Gonzalez was included in a roundup by Techcrunch of 19 founders and VCs who are part of DOGE. He is linked to Trump administation AI czar David Sacks; both worked at the company Zenefits. He also founded another human resources startup.,2025-06-XX,reported,resigned,https://www.linkedin.com/in/michaelvincentgonzalez/
Antonio Gracias,Gracias,antonio-gracias,54,2025-02-23,2025-02-23,SSA,SSA,executive,leadership,"Antonio Gracias has had a longtime connection with Elon Musk as an early investor in both Tesla and SpaceX, and he has also sat on the boards of both companies. He also was involved with Musk's purchase of Twitter. He has been stationed as part of the DOGE team within Social Security Administration, since late February. Over the last few months, he has regularly appeared on friendly media outlets to describe alleged instances of fraud within SSA.",2025-07-01,verified,resigned,
Ross Graeber,Graeber,ross-graeber,,2025-02-XX,2025-02-XX,State,"State,Energy",executive,unknown,"After reportedly assisting DOGE at the State Department, Ross Graeber was named into the position of Chief Information Officer at the Department of Energy when Ryan Riedel suddenly departed. And then after two months, he suddenly resigned from the role as well. Prior to DOGE, he had been a security manager at Yahoo, Google and then Twitter before moving into the role of Senior Director of Security Technologies at Procore Technologies (until leaving in February to join DOGE).",,,,
Michael Grimes,Grimes,michael-grimes,58,2025-02-27,2025-02-27,Commerce,Commerce,executive,leadership,"Michael Grimes is one of the two members of DOGE who came to the agency from Morgan Stanley, the investment bank that coordinated Musk's takeover of Twitter. At Commerce, he has kept a relatively low profile, but there were some reports of him subjecting staff in the [CHIPS for America program](https://www.nist.gov/chips) to DOGE-style interviews.",,,,
Josh Gruenbaum,Gruenbaum,josh-gruenbaum,,2025-01-24,2025-01-24,GSA,GSA,executive,enabler,"Josh Gruenbaum is another DOGE member who comes from the world of private equity and mergers & acquisitions, having worked at KKR & Co and Moelis. At the GSA, he was appointed as commissioner over the Federal Acquisition Service (FAS) at GSA, giving him oversight over all the ways in which GSA procures _stuff_, whether it's office supplies or custom software. He is the direct supervisor of Thomas Shedd and he himself reports to Stephen Ehikian who also is in DOGE.",,,,
Gavin Hamrick,Hamrick,gavin-hamrick,,2025-03-31,2025-03-31,IMLS,IMLS,analyst,unknown,"He was identified as part of Nate Cavanaugh's crew in a raid on IMLS, but I want to confirm he's part of DOGE first.",,,,
Joshua Hanley,Hanley,joshua-hanley,27,2025-02-XX,2025-02-XX,DOGE,DOGE,lawyer,support,"Part of DOGE's army of lawyers, there isn't much public information about his activities, although his name did appear in the metadata for some grant cancellation documents that were sent out by NIH. This doesn't mean necessarily that he was detailed to that agency; but it does indicate some role in crafting the justifications given to agencies about these moves.",,,,
Christina Hanna,Hanna,christina-hanna,39,2025-02-03,2025-02-03,OPM,OPM,administrator,support,"Before DOGE, Christina Hanna worked at both SpaceX and for Elon Musk personally as an HR manager. Her activities at OPM since her start have not been publicly disclosed.",,,,https://www.linkedin.com/in/christina-hanna-75839b41/
Tyler Hassen,Hassen,tyler-hassen,42,2025-01-(27)~,2025-01-27,DOI,DOI,executive,enabler,"As a Texas oil executive with myriad investments in the field, it's clear why Tyler Hassen would want a senior role in the Department of the Interior even though his personal connection to Musk's orbit is unknown. At DOI, Hassen has been promoted into increasingly senior roles and responsibilities while being shunted into positions that do not require Senate confirmation or for him to address his vast conflicts of interest.",,,,https://www.linkedin.com/in/tyler-hassen-802b4a12/
Jim Hickey,Hickey,jim-hickey,42,2025-02-(18)?,2025-02-18,DOD,DOD,executive,wrecker,"Identified by ProPublica as one of the DOGE crew who have secretly been working at the Department of Defense, Jim Hickey was formerly a director at MITRE and before that a senior advisor for the Air Force",,,,
Vinay Hiremath,Hiremath,vinay-hiremath,,,2025-01-20,,,recruiter,booster,"Identified by the New York Times as part of [DOGE's pre-inauguration recruitment push](https://www.nytimes.com/2025/01/12/us/politics/elon-musk-doge-government-trump.html), Vinay reportedly spent a month personally calling hundreds of people to recruit them for DOGE before he dropped out of the project in January.",,,,
Adam Hoffman,Hoffman,adam-hoffman,24,2025-04-21,2025-04-21,DOJ,DOJ,analyst,wrecker,"A former staffer at the Griffin's Citadel hedge fund, he joined DOGE sometime in April and was assigned to a team that is using DOJ databases to assemble information on immigrants.",,,,
Greg Hogan,Hogan,greg-hogan,42,2025-01-20,2025-01-20,OPM,OPM,coder,enabler,"It's not surprising that there are reports that OPM has been training AI models with information on government personnel. Greg Hogan, the agency's CIO, previously worked for an AI company that was backed Marc Andreesen's firm Andreesen Horowitz.",2025-09-(02)~,reported,resigned,
Nicole Hollander,Hollander,nicole-hollander,42,2025-01-20,2025-01-20,GSA,GSA,executive,enabler,"Nicole Hollander is married to fellow DOGE operative and ad hoc leader Steve Davis, and she has worked with Elon Musk at Twitter. She had reportedly been involved with securing an enclave for DOGE to work from and live within GSA HQ (complete with laundry facilities). Her biggest effort has been the ongoing march to cancel GSA leases across the country. Her conenctions to other DOGE projects have not be publicly documented yet, and she left the agency (and working for the government) where her husband also resigned.",2025-05-29,reported,resigned,https://www.linkedin.com/in/nicole-h-472b9a6/
Stephanie Holmes,Holmes,stephanie-holmes,43,2025-02-(01)~,2025-02-01,DOGE,"DOGE,DOI",administrator,wrecker,"Stephanie Holmes is an employment attorney and consultant who previously offered courses on ""non-woke"" HR and redefining DEI to be more ""Christian,"" in a conventional conservative evangelical sense. After being an HR head at DOGE, she was detailed to the Department of the Interior, where she was named the acting Chief Human Capital Officer. At DOI, she had the CIO and other senior staff sidelined so she could be granted admin powers over a shared service that handles payroll for approximately half of the federal government. I'm sure it's fine.",,,,
Kenneth Jackson,Jackson,kenneth-jackson,,2025-01-XX,2025-01-20,State,"State,USIP,USAID",,enabler,,,,,
Anthony Jancso,Jancso,anthony-jancso,,,2025-01-20,,,recruiter,booster,"In late November and early December, Jancso was actively recruiting for DOGE on message boards for Palantir alumni and other similar places he might find likely candidates. It's unclear what his involvement has been with DOGE since January, but in May he started recruiting for a project to [""deploy AI agents across live workflows in federal agencies""](https://www.wired.com/story/doge-recruiter-ai-agents-palantir-clown-emoji/). Prior to DOGE, he was a cofounder with Jordan Wick of a project called Accelerate SF which promised to deploy AI across the public sector.",,,,
Raj Jegannathan,Jegannathan,raj-jegannathan,41,2025-04-(24)~,2025-04-24,GSA,GSA,executive,support,"A relatively new addition to the DOGE staff based in GSA, Raj is also working for his job as the vice president of IT for AI infrastructure and vehicle support operations at Tesla. These dual-employment scenarios would be unthinkable in other presidential admininstrations; for DOGE, they're routine. Jegannathan is ""working closely with senior political leadership at the GSA on federal acquisition efforts,"" according to [ProPublica](https://projects.propublica.org/elon-musk-doge-tracker/#Rajasekar-Jegannathan)",,,,
Erica Jehling,Jehling,erica-jehling,40,2025-02-XX,2025-02-01,GSA,"GSA,EPA",administrator,wrecker,She is another SpaceX alumna; her most recent role before DOGE was as a purchasing director. She has been part of the EPA team and has also been linked to the GSA.,,,,
Thomas Kiernan,Kiernan,thomas-kiernan,30,2025-02-16,2025-02-16,FAA,FAA,coder,wrecker,"One of the four SpaceX engineers who were brought into the FAA on an ad hoc basis, he was only approved to work for 4 days at the agency. That short term was extended until June 4th, when it was revoked suddenly in the wake of Musk's departure.",2025-06-02,reported,fired,
Cole Killian,Killian,cole-killian,24,2025-01-20,2025-01-20,DOGE,"DOGE,EPA,DOL,SSA",coder,wrecker,"Gautier ""Cole"" Killian was identified early as one of the initial DOGE employees, and there are reports of him interviewing USDS staff about their roles as early as January 21st. He was also spotted in a few of the early wrecking crew raids, but he has largely fallen off the radar since the end of February, when he was detailed to the Social Security Administration. Perhaps he is one of the still-unidentified aliases there and more details of his involvement will become apparent in future court filings and FOIA releases.",,,,
Gavin Kliger,Kliger,gavin-kliger,25,2025-01-20,2025-01-20,OPM,"OPM,USAID,USDA,CFPB,IRS,USAGM,FTC,DHS,TSA,GSA",coder,wrecker,"A poster boy for DOGE's wanton cruelty and destruction, Gavin Kliger is a software developer with five years of experience who has shown a particular flair for being the face of DOGE's abuse of federal personnel. At USAID, he was the one who locked staff out of the building. At CFPB, he vandalized the website and later returned to run a marathon 36-hour prep session for massive layoffs where he reportedly screamed at staff to work even harder at laying off their colleagues. Arriving at the IRS, he reportedly pulled out five different laptops from his bag to show the various agencies he had been granted access to. He has since left a few of those positions – or very possibly been fired – but he still has his fingers in a lot of pies, and the collection of laptops to prove it.",,,,https://www.linkedin.com/in/gavin-kliger-5a339b157/
Keenan Kmiec,Kmiec,keenan-kmiec,45,2025-02-(07)~,2025-02-07,DOGE,DOGE,lawyer,support,"One of the DOGE team of lawyers, there aren't many public details about Keenan Kmiec's specific contributions, apart from testimony from Noah Peters that he discussed the idea of firing probationary employees before the administration began. Like a small number of the DOGE crew, he comes from a cryptocurrency company and would possibly be involved with any work or policy by DOGE related to that sector.",,,,
Jon Koval,Koval,jon-koval,27,2025-02-23,2025-02-23,SSA,"SSA,DOJ",executive,wrecker,"Jon Koval is a vice president at Valor Equity Partners, the private-equity firm operated by Antonio Gracias. He has been working alongside Gracias at the SSA, but recently he was detailed to the DOJ to help build up DOGE's immigrant-tracking panopticon.",,,,https://www.linkedin.com/in/jon-koval/
Michael Kratsios,Kratsios,michael-kratsios,,,2025-01-20,,,,enabler,,,,,
Tom Krause,Krause,tom-krause,47,2025-01-23,2025-01-23,Treasury,Treasury,executive,enabler,"Tom Krause is the CEO of Cloud Software Group, which sells the Citrix tool used for remote desktops in enterprise environments. He has been involved with DOGE's attempts to control all payments flowing through the Bureau of the Fiscal Service (BFS) department in the US Treasury. Due to ethics concerns, he onboarded as a volunteer part-time consultant, but in mid-February he was converted to a Schedule C appointment on the GS-15 payscale, which could mean he is being paid up to $195,200 a year.",2025-06-06,reported,resigned,https://www.linkedin.com/in/thomas-h-krause/
Scott Kupor,Kupor,scott-kupor,,2025-07-09,2025-07-09,OPM,OPM,executive,enabler,"A managing partner at Andreesen Horowitz, Scott Kupor was advanced by a Senate committee as the nomination for the permanent head of the OPM to replace Charles Ezell. Now that he has finally been confirmed to the role in July, many expect him to be the new driver of the administration's efforts to decimate the federal workforce.",,,,https://www.linkedin.com/in/scottkupor/
Nicholas Lahera,Lahera,nicholas-lahera,,,2025-01-20,,,,unknown,"Named as a member of DOGE in a FOIA request to DOGE from the House Judiciary Committee, but I have no other details. He appears to be a Director of Marketing who is also the COO/Co-Founder of the conservative WinAmerica PAC.",,,,https://www.linkedin.com/in/nicholas-lahera/
Scott Langmack,Langmack,scott-langmack,66,2025-02-10,2025-02-10,HUD,HUD,executive,wrecker,"According to his LinkedIn, Scott Langmack is also continuing to serve as the CEO of Kukun, a real estate technology company, while he is also heading the DOGE team at HUD. At HUD, he seems to be focused mostly on searching for fraud they're convinced is in the system and figuring out how to delete grants from HUD. It's no coincidence that both of these missions will impact the poor and vulnerable the most.",,,,https://www.linkedin.com/in/scottlangmack/
Sahil Lavingia,Lavingia,shail-lavingia,32,2025-03-17,2025-03-17,VA,VA,coder,wrecker,"A tech founder who created the site Gumroad, Sahil Lavingia showed up late to DOGE, with the goal of helping veterans at the VA. Despite displaying a remarkable and sometimes frankly infuriating naivete about both DOGE's real mission and how civic technology operated before, his [blog post about his experiences](https://sahillavingia.com/doge) has given us the best view of how DOGE actually operated. Sadly, it's also what got him fired from the ""most transparent organization in government""",2025-05-09,verified,fired,https://www.linkedin.com/in/sahillavingia/
Jeremy Lewin,Lewin,jeremy-lewin,28,2025-01-20,2025-01-20,GSA,"GSA,USAID,CFPB,HHS,NIH,CMS,State",lawyer,wrecker,"Jeremy Lewin is unusual among the most prolific wreckers because he is a lawyer and not a programmer. He also came from [a more progressive background than many of the DOGE crew](https://www.thehandbasket.co/p/doge-jeremy-lewin), which makes his recent heel turn all the more astonishing. Since joining DOGE, Mr. Lewin has been part of some of the more odious aspects of DOGE's takedown of USAID and attempted elimination of the CFPB. Under the wing of DOGE ally, he has been rapidly promoted upward in the eviscerated remnants of USAID and the remnants of a similar foreign-aid operation within the Department of State. Despite these new positions, he still finds time to participate in DOGE activities; recent documents from the NTEU's lawsuit against Russell Vought include Lewin emailing instructions to Gavin Kliger on how to conduct an attempted reduction-in-force at the CFPB in April.",,,,
Jeremy Lichtman,Lichtman,jeremy-lichtman,,,2025-01-20,USDA,USDA,,unknown,"He was named as a member of the DOGE team at USDA in response to a FOIA request from American Oversight. Otherwise, I have no other info yet.",,,,
Kendall Lindemann,Lindemann,kendall-lindemann,24,2025-02-(10)~,2025-02-10,DOGE,DOGE,analyst,support,"Coming to DOGE from McKinsey, she has also been the person to testify in a deposition as a DOGE representative in a court case.",2025-07-XX,verified,resigned,https://www.linkedin.com/in/kendall-lindemann/
Kathryn Armstrong Loving,Loving,kathryn-loving,44,2024-12-XX,2024-12-XX,EPA,EPA,analyst,wrecker,"There aren't many details about Loving's work for DOGE, apart from a brief sighting at the EPA, where she was reviewing contracts. She is a coder who has spent a decade or so working in biotech. She is also the sister of Coinbase CEO Brian Armstrong, who recently offered to hire any DOGE alumni, no questions asked.",2025-06-XX,inferred,resigned,https://www.linkedin.com/in/kathrynarmstrongloving/
Matt Luby,Luby,matt-luby,,2025-04-17,2025-04-17,DOI,DOI,administrator,wrecker,"A childhood friend and chief of staff for Vivek Ramaswamy, he has apparently stayed involved in DOGE even as Vivek departed. He is linked to DOGE in January 2025 and was spotted at the Department of the Interior in April, but it's unclear what he was doing in the interim for DOGE (or Vivek).",,,,
Shaun Maguire,Maguire,shaun-maguire,,,2025-01-20,,,recruiter,booster,"Shaun Maguire is a partner at the investment firm Sequoia. In that position, he has been heavily involved with investments in several of Musk's companies like SpaceX, the Boring Company and xAI. He was heavily involved in setting up DOGE and planning its strategies in the months after the election, but he has not had a formal role in the agency, serving as a vocal booster and recruiter on social media instead.",,,,
Tarak Makecha,Makecha,tarak-makecha,38,2025-02-28,2025-02-28,OPM,"OPM,USAGM,FCC,FBI",analyst,wrecker,"Tarak Makecha is the former head of stategic planning for Tesla Energy. More recently, he has been listed as a vice president at Valor Equity Partners, the investment firm run by Antonio Gracias and the employer of Jon Koval and Payton Rehling. Although he describes himself as a software engineer, he comes from a backgroun in finance. In that capacity, he has been reviewing and cancelling grants for the DOJ and FBI, but recent sources have also linked him to the US Agency for Global Media and grant cancellations there.",,,,
Ted Malaska,Malaska,ted-malaska,,2025-02-16,2025-02-16,FAA,FAA,coder,wrecker,"One of the four SpaceX engineers who were brought into the FAA on an ad hoc basis, he was only approved to work for 4 days at the agency. It seems like that term was extended however, only to be revoked in the wake of Elon Musk's departure. Ted was also named in several reports where he promised to steamroll any federal staff who got in his way.",2025-06-02,reported,fired,
Dave Malcher,Malcher,dave-malcher,31,2025-04-(24)~,2025-04-24,GSA,"GSA,VA",analyst,wrecker,"Previously a financial analyst at SpaceX, he apparently has been detailed from GSA to the VA in recent months.",,,,
Allan Mangaser,Mangaser,allan-mangaser,44,2025-04-XX,2025-04-15,EOP,"EOP,DHS,CISA,TSA",analyst,wrecker,"According to [ProPublica](https://projects.propublica.org/elon-musk-doge-tracker/#Allan-Mangaser), he previously worked for Palantir and Theorem, a financial services startup. They report he has met with officials from the TSA and CISA",,,,
Peter Marocco,Marocco,peter-marocco,,2025-01-20,2025-01-20,State,"State,USAID,IAF,USADF",,enabler,"A veteran of the first Trump administration, he was reportedly placed on administrative leave in 2020 for establishing a pattern in a division of USAID that he ran where he would unilaterally freeze or revoke grants that he felt didn't reflect administration priorities. When employees spoke up about it, he would then accuse them of insubordination and attempt to get them suspended or fired. He sounds like a really nice guy, so it's probably not surprising that placing him in charge of USAID this year led to the rapid destruction of the agency. And it's also possibly why he himself was reportedly ousted from the State Department after the damage was complete. It would be comically ironic, if it didn't mean the loss of hundreds of valuable people in USAID and [hundreds of thousands of deaths](https://www.bu.edu/sph/news/articles/2025/tracking-anticipated-deaths-from-usaid-funding-cuts/) worldwide.",,,,
Antoine McCord,McCord,antoine-mccord,,2025-03-11,2025-03-11,DHS,DHS,,enabler,"A former Marine with a background in intelligence, McCord was named as the CIO for DHS the same week as the DOGE delegation started there. He has been a frequent enabler of their access to various systems and is reportedly also very excited about the application of AI at the agency.",,,,
Paul McInery,McInery,paul-mcinery,,2025-05-05,2025-05-05,DOI,DOI,executive,enabler,"Another alumn of SpaceX, Paul McInery left the company in 2020 to be the VP of Engineering at a lawncare-oriented startup named Lawn Love. Despite no experience at being either in government, he was tapped to be the new CIO of the Department of the Interior, after the previous one was forced out of the position for not granting Stephanie Holmes admin access to the FPDS system that manages payroll for half of the federal government.",,,,
Jonathan Mendelson,Mendelson,jonathan-mendelson,,2025-04-09,2025-04-09,GSA,"GSA,USDFC,SEC",analyst,wrecker,"An April addition to the DOGE lineup, Jonathan Mendelson has been part of Nate Cavanaugh's wrecking crew that visits small independent executive agencies to subvert and destroy them. He has been spotted at the SEC and the USDFC so far, which is concerning considering he comes from a background in venture capital and investment banking. Prior to DOGE, he was an investor in the Silicon Valley VC firm Accel.",,,,
Katie Miller,Miller,katie-miller,33,2025-01-20,2025-01-20,DOGE,DOGE,administrator,booster,"The wife of Stephen Miller, Katie is in some sort of communications role for DOGE, but it's unclear what her day-to-day responsibilities for his entail. Sharing the virulent anti-immigrant politics of her husband, she likely has been a conduit for coordinating DOGE's anti-immigration focus. Recently, she notably left DOGE along with Elon Musk to go work for him instead.",2025-05-29,verified,resigned,
Clark Minor,Minor,clark-minor,35,2025-02-14,2025-02-14,HHS,"HHS,NIH,FDA",coder,enabler,"A former head of cloud strategy at Palantir, Clark Minor was named the CIO for Health and Human Services in February. in that position, he is able to grant access for DOGE staff to many systems.",,,,
Michael Mirski,Mirski,michael-mirski,32,2025-02-10,2025-02-10,HUD,HUD,coder,wrecker,,,,,
Eliezer Mishory,Mishory,eli-mishory,41,2025-04-(05)~,2025-04-05,SEC,SEC,lawyer,wrecker,"A perfect enacapsulation of the ethical quagmires surrounding DOGE. Prior to his current assignement, he was the chief regulatory officer at a prediction and betting company, for whom Donald Trump Jr. is an advisor. Now he gets to undo the SEC!",,,,https://www.linkedin.com/in/eliezer-mishory/
Bryanne-Michelle Mlodzianowski,Mlodzianowski,mlodzianowski,40,2025-02-03,2025-02-03,OPM,OPM,administrator,support,"The DOGE member who did HR at SpaceX. Nope, not that one. Not that one either. She actually is one of four HR specialists who came from SpaceX to OPM, presumably to work on ways to reduce the federal workforces. All of which leaves me wondering how HR is for employees at SpaceX.",,,,
Aram Moghaddassi,Moghaddassi,aram-mohghaddassi,26,2025-02-18,2025-02-18,DOL,"DOL,SSA,HHS,CMS,DHS,SBA,CBP,ICE,TSA,USCIS",coder,wrecker,"A former employee at both X and Neuralink, Aram Moghaddassi arrived as a hire at the Department of Labor in February and has been detailed to other agencies like Social Security or DHS to work at important projects for Musk, whether it's trying to detect fraud at SSA or building a surveillance state for immigration. His hiring arrangements at DOL were finally made public, revealing that he was hired and then immediately detailed to SSA, where he has continued to work past his original projected end of term in June. So, there are still a lot of questions about what he has been up to.",,,,
Justin Monroe,Monroe,justin-monroe,36,2025-01-28,2025-01-28,OPM,"OPM,FBI",coder,wrecker,"Justin Monroe started at the OPM about a week after the Inauguration and was dispatched to the FBI the following day as a Senior Advisor to the Director. It's unclear what role he might be playing in the Attorney General's own ""JUST-US"" project to bring DOGE-style interventions to the DOJ. Prior to DOGE, he was a SpaceX employee.",,,,
Brooks Morgan,Morgan,brooks-morgan,39,2025-02-04,2025-02-04,Education,"Education,Treasury,FDIC",administrator,wrecker,"The CEO of an educational startup, Brooks Morgan joined the DOGE team working within the Department of Education in early February. Unlike most DOGE staff who served as special government employees, he was instead hired as a part-time consultant working for free. It's likely he was later formally appointed to a role, since he has been detailed from Education to both the Department of the Treasury and FDIC in early April.",,,,
Trent Morse,Morse,trent-morse,,2025-01-23,2025-01-23,EOP,EOP,lawyer,enabler,"Technically not a member of DOGE, Trent Morse has often coordinated with them on their operations against smaller independent agencies. In several examples, when the Trump Administration has moved to fire board members and executives of independent agencies, that email has always come from Trent Morse.",,,,https://www.linkedin.com/in/trent-morse-44b7401b/
Elon Musk,Musk,elon-musk,,2025-01-20,2025-01-20,DOGE,DOGE,executive,leadership,"Elon Musk was certainly the face and inspiration of DOGE, but it will likely be some time before we know the exact nature of his activities there. According to the official record, he was merely a humble advisor and DOGE was actually run by Amy Gleason. In actuality, it appears that Musk was setting the high-level direction of DOGE, with the daily operations conducted by deputies like Steve Davis, Anthony Armstrong or even Baris Akis. Musk was particularly preoccupied with finding instances of waste and fraud that he was certain was rampant everywhere in the government, and a lot of DOGE's early involvement at the Treasury and SSA was in chasing down false alarms and misinformation triggered by DOGE's poor understanding of data or even how the government worked. After his relationship soured with Trump, Musk left DOGE in late May, followed by multiple resignations of other DOGE allies leaving before the winds shifted. This didn't mark the end of DOGE however, and the remaining staff are largely still carrying forward the same mission they started with.",2025-05-28,reported,resigned,
Todd Newnam,Newnam,todd-newnam,42,2025-03-06,2025-03-06,Treasury,"Treasury,IRS",executive,wrecker,"One of the newer DOGE staffers who have been assigned to the IRS, Todd Newnam was the CEO of an IT Consulting firm located in South Carolina. Prior to that, he was associated with the Carlyle Group. His financial disclosure reveal that he also owns shares of Intuit, the maker of TurboTax, which is concerning form someone being given oversight powers at the IRS.",,,,
Donald Park,Park,donald-park,45,2025-02-XX,2025-02-01,GSA,"GSA,SBA,EXIM",analyst,wrecker,"Mr. Park is the cofounder of a private equity company named Ionic Partners and located in Austin, Texas. He has been involved in efforts to discover fraud in SBA loans.",,,,https://www.linkedin.com/in/donaldkpark/
Matthew Parkhurst-Session,Parkhurst,matthew-parkhurst,,2025-03-03,2025-03-03,GSA,GSA,executive,support,"He is the founder/CEO of cloud company Antimetal. According to ProPublica, he has been linked to the ""Department of Housing and Urban Development, the Department of Labor and the Environmental Protection Agency,"" but unclear if these are detailing arrangements or meetings. He also has apparently been involved in meetings with tech firms who are vendors to the federal government.",,,,
Noah Peters,Peters,noah-peters,39,2025-01-20,2025-01-20,OPM,OPM,lawyer,support,,,,,https://www.linkedin.com/in/noah-peters-66939025/
Nikhil Rajpal,Rajpal,nikhil-rajpal,30,2025-01-24,2025-01-24,OPM,"OPM,NOAA,CFPB,SSA",coder,wrecker,"An arrival to DOGE from Twitter, Nikhil Rajpal was a visible member in early Wrecker raids (including a foray into NOAA's headquarter just outside of DC). Since mid-February, he has been exclusively based within the DOGE team at the Social Security Administration, which might explain the recent radio silence about his activities.",,,,
Adam Ramada,Ramada,adam-ramada,35,2025-01-23,2025-01-23,DOGE,"DOGE,Education,Energy,DOL,Treasury,FDIC",coder,wrecker,"Adam Ramada is thus far the only DOGE wrecker to have testified under oath in a deposition, appearing as a witness in litigation brought both against the Department of Education and the Department of Labor. He was detailed to both agencies directly from DOGE, but it's unclear if he's still employed by the US DOGE Service or has been officially onboarded at another agency like his DOGE colleagues Jordan Wick and Amy Gleason.",,,,
Austin Raynor,Raynor,austin-raynor,36,2025-01-30,2025-01-30,OPM,OPM,lawyer,support,"Austin Raynor is another one of the conservative lawyers who have been part of DOGE's operations at OPM. He previously has clerked for Supreme Court Justice Clarence Thomas and has served as a senior lawyer at the Pacific Foundation, a libertarian organization. As a lawyer in DOGE's team at OPM, he probably has worked closely with Noah Peters and Keenan Kmiec.",,,,
Payton Rehling,Rehling,payton-rehling,27,2025-02-23,2025-02-23,SSA,"SSA,DHS,TSA,USCIS,DOJ",coder,wrecker,"Payton Rehling is a senior data engineer at Valor Equity Partners, the private equity firm that is run by Antonio Gracias and Jon Koval. Rehling joined the Social Security Administration DOGE team in February but has since been detailed to DHS and the DOJ, where he has likely been heavily involved in the administration's efforts to create a [surveillance system to supercharge immigration enforcement](/projects/god-view/).",,,,
Ryan Riedel,Riedel,ryan-riedel,37,2025-02-07,2025-02-07,Energy,Energy,coder,enabler,"Before being named to the role of Chief Information Officer at the Department of Energy, Ryan Riedel was a lead network security engineer at SpaceX. After initially granting elevated access to Adam Ramada and Luke Farritor, he lasted for about a month in the role before resigning and presumably leaving government service.",2025-03-07,reported,resigned,
Rachel Riley,Riley,rachel-riley,33,2025-01-27,2025-01-27,HHS,"HHS,CMS,NIH,NSF",administrator,wrecker,"Rachel Riley has been heavily involved in DOGE's operations within HHS, where she has worked very closely with Brad Smith, and she has been granted access to a wide range of databases for tracking contracts and operations. Before DOGE, she worked for McKinsey and Associates in government policy in Atlanta, which would place her in good proximity to the CDC.",,,,https://www.linkedin.com/in/rachel-riley-50487034/
Timothy Ronan,Ronan,tim-ronan,,,2025-01-20,USDA,USDA,,unknown,"He was named as a member of the DOGE team at USDA in response to a FOIA request from American Oversight. Otherwise, I have no other info yet.",,,,
Christopher Roussos,Roussos,chris-roussos,60,2025-03-25,2025-03-25,VA,VA,executive,enabler,"In late March, Chris Roussos was identified as one of the members of a larger DOGE contingent within the VA. He is an Army veteran himself, and he also has been a CEO of several health and fitness services. Given his experience and background, it's likely he might be the leader of the DOGE team within the VA, where he has been working with Cary Volpert to review and eliminate a large number of VA contracts.",,,,https://www.linkedin.com/in/chrisroussos/
Marco Rubio,Rubio,marco-rubio,,2025-01-20,2025-01-20,State,"State,USAID,NARA",political,enabler,"Marco Rubio is technically not a member of DOGE – in fact, there have been moments where reportedly has faced off against Elon Musk in cabinet meetings and his allegiance has always been to Donald Trump. Nevertheless, there are multiple circumstances where he has particularly aided DOGE's destruction of agencies that he is nominally in charge of. So, it makes sense to add him here, if only to better illustrate how DOGE has abused the Vacancies Act to put leaders in charge all over the federal government without Senate approval.",,,,
Mike Russo,Russo,mike-russo,67,2025-01-31,2025-01-31,SSA,SSA,executive,enabler,"Reportedly a favorite of incoming SSA commissioner Frank Bisignano, Mike Russo was named the CIO of Social Security in early February and immediately advocated for the expedited onboarding of Akash Bobba. The DOGE contingent eventually swelled to 11 engineers under his watch. In late March, he was removed from the CIO position and demoted to a Senior Advisor, reportedly because the Trump administration was displeased that he cooperated with a judge's order to revoke DOGE access to SSA systems. However, recent reports by the _New York Times_ claim that he is effectively acting as a co-CIO with Aram Moghaddassi under Frank Bisignano's leadership, so perhaps he has returned to good graces. Prior to government service, he was a senior executive at Shift4 Payments, which is an investor in SpaceX and a payment processor for Starlink.",,,,
Amanda Scales,Scales,amanda-scales,34,2025-01-20,2025-01-20,OPM,OPM,administrator,leadership,"An associate of Elon Musk from xAI, Amanda Scales has been located at GSA since Day 1, where she acted as the Chief of Staff until swapping places with James Sullivan at the end of March. She reportedly has left OPM as part of the exodus after Musk's departure.",2025-03-29,inferred,resigned,https://www.linkedin.com/in/amandascales/
Frank Schuler,Schuler,frank-schuler,,2025-02-(18)~,2025-02-18,GSA,GSA,executive,support,"A former partner in a real-estate investment firm in Atlanta, Frank Schuler was mentioned as one of Stephen Ehikian's pending appointments on January 20th. He wasn't sighted in GSA until mid-February, when he appeared in a meeting and was introduced by Nate Cavanaugh. It's unclear what he is doing for DOGE inside of GSA.",2025-07-29,reported,resigned,
Kyle Schutt,Schutt,kyle-schutt,37,2025-02-(18)~,2025-02-18,GSA,"GSA,DHS,CISA,CBP,FEMA,ICE,TSA,USCIS,HHS",coder,wrecker,"Kyle Schutt is from the intersection of technologist and Republican party politics, having built an online fundraising platform Revv, that is frequently used by the GOP. He was also [linked to the development](https://xcancel.com/samwcyo/status/1889527715029557607) of DOGE's website [doge.gov](https://doge.gov/), which was [hacked and vandalized at launch because he left the database accessible to the outside world](https://www.404media.co/anyone-can-push-updates-to-the-doge-gov-website-2/), and his computer has been [infected with credential-stealing malware multiple times](https://cyberpress.org/stolen-credentials-from-doge-employee/). For its part, DOGE gave him access to a highly-sensitive database containing information on unaccompanied migrant children and admin credentials at CISA.",,,,
Riley Sennott,Sennott,riley-sennott,26,2025-02-12,2025-02-12,GSA,"GSA,NASA,SBA",coder,wrecker,,,,,
Bryton Shang,Shang,bryton-shang,33,2025-04-02,2025-04-02,NOAA,NOAA,coder,enabler,"Before DOGE, Bryton was the founder of a startup to help fish farmers improve their yields. While his background check was still being processed, he accompanied Tyler Hassen on a [failed publicity stunt](https://www.publicdomain.media/p/doges-man-at-doi) to order the DOI Bureau of Reclamation to release more water from reservoirs in Northern California as a publicity stunt about the wildfires much further south in LA. Since April, he has been serving as a senior advisor at the NOAA, where he likely has been reviewing contracts and programs for termination. This role would also give him involvement in regulations and oversight over America's fisheries.",,,,
Ethan Shaotran,Shaotran,ethan-shaotran,22,2025-01-20,2025-01-20,GSA,"GSA,Education,SSA,USADF,IAF,USPS,USDFC",coder,wrecker,"""I dropped out of Harvard and came here to serve my country... most of campus hates me now"" is what Ethan Shaotran boasted about his alma mater in a recent TV interview. He dropped out of the school in his senior year to join DOGE, where he was part of the initial wrecking crew formed in GSA. Why would they hate him? For going to the Department of Education to destroy student loan programs under the cover of fighting fraud? For being part of the same organization that has destroyed medical research grants? For joining the DOGE contingents threatening to make major changes within USPS and Social Security? For being part of Nate Cavanaugh's wreecking crew as they have demolished small independent agencies like the USIP or USADF? Was he really serving his country or greedy people with ulterior motives? Maybe one day he will figure it out.",,,,https://www.linkedin.com/in/shaotran/
Ryan Shea,Shea,ryan-shea,34,2025-05-XX,2025-05-15,GSA,"GSA,HHS",coder,wrecker,"As someone who joined up with DOGE in May, Ryan Shea presumably knew exactly what he was signing up for. Prior to DOGE, he was the executive of a cryptocurrency startup, which makes him a natural fit to support the DOGE team embedded within the Department of Health and Human Services.",2025-06-07,reported,fired,https://www.linkedin.com/in/ryaneshea/
Thomas Shedd,Shedd,thomas-shedd,28,2025-01-24,2025-01-24,GSA,"GSA,DOL",coder,enabler,"When he was named the Deputy Administrator of FAS (under Josh Gruenbaum) and the head of GSA's innovative Technology Transformation Service (which includes 18F and login.gov), the press releases touted his most recent experience, 8 years of being a software developer at Tesla. It turns out that was his only experience, and he hasn't ever been a senior executive or worked within government before. Instead, his main skills seem to be a loyalty to Musk and a willingness to destroy the parts of the agency in his care if asked. To this end, he has eliminated 18F and tried to gain admin access to services like Notify.gov or Login.gov, that would give him unprecedented control over government services. He also has been a big booster of replacing staff with AI. Since March, he has also been serving as the CIO at the Department of Labor, an arrangement that largely seems to exist so he can grant access for sensitive systems to DOGE staff.",,,,https://www.linkedin.com/in/thomasshedd/
Roland Shen,Shen,roland-shen,,2025-04-18,2025-04-18,Treasury,Treasury,coder,wrecker,,,,,
Alexander Simonpour,Simonpour,alex-simonpour,28,2025-03-XX,2025-03-01,GSA,"GSA,USPS,NASA",coder,wrecker,"Alexander Simonpour is a former engineering manager at Tesla who is now working for DOGE and embedded among the [wrecking crew at GSA](/people/wreckers/). He was one of the three DOGE staffers who were detailed from GSA to NASA in March, and he has also been involved in DOGE's efforts at the USPS.",,,,
Mike Slagh,Slagh,mike-slagh,40,2025-02-(18)?,2025-02-18,DOD,DOD,executive,wrecker,"The founder of a company that apparently connects defense contractors with government buyers. Before that, he was the founder of a company that did job training for veterans. It's unclear where he is working inside of the Pentagon. He served in the Navy.",,,,
Sam Smeal,Smeal,sam-smeal,29,2025-02-16,2025-02-16,FAA,FAA,coder,wrecker,"One of the four SpaceX engineers who were brought into the FAA on an ad hoc basis, he was only approved to work for 4 days at the agency. That term was apparently extended until June 2, when their access was abruptly revoked.",2025-06-02,reported,fired,
Brad Smith,Smith,brad-smith,42,2025-02-XX,2025-02-01,DOGE,"DOGE,HHS,State",executive,leadership,"A healthcare executive who served in the first administration, Brad Smith kept a relatively low profile running DOGE operations within HHS. There, he mainly was involved in organizing $67 billion in cuts and the large layoffs that eliminated 10,000 positions across the various agencies within HHS. He left HHS and DOGE about a week before Elon Musk's departure, but he has apparently returned in August to work at the State Department.",,,,
John Solly,Solly,john-solly,,2025-03-16,2025-03-16,SSA,SSA,coder,wrecker,"A software expert in cloud-native geospatial analysis, he has been working at Social Security in March and apparently has not been listed on the internal directory to keep a low profile. He couldn't help marking the time on his LinkedIn however, noting his DOGE career as ""stealth mode” for a “key skunkswork project at a major org.""",,,,https://www.linkedin.com/in/jsolly
Keith Sonderling,Sonderling,keith-sonderling,,2025-01-20,2025-01-20,DOL,"DOL,IMLS,MBDA",lawyer,enabler,"Another of the cadre of conservative lawyers within DOGE, Sonderling had been the commisioner of the EEOC in the previous Trump administration. He was tapped to be Deputy Secretary by Trump for DOL, but he has also served as support for Nate Cavanaugh's wrecking crew. Exploiting a rule in the [Vacancies Act](https://en.wikipedia.org/wiki/Federal_Vacancies_Reform_Act_of_1998) that lets the administraion named appointed officials as acting leaders of other agencies, DOGE has named Sonderling as the acting leaders in the IMLS and MBDA so he could order their destruction.",,,,
Branden Spikes,Spikes,branden-spikes,,,2025-01-20,,,,unknown,"A longtime associate of Elon Musk at Twitter and other companies, Branden Spikes reportedly spent a couple of months within DOGE, but there are no public details yet.",,,,https://www.linkedin.com/in/brandenspikes/
Christopher Stanley,Stanley,christopher-stanley,33,2025-01-28,2025-01-28,OPM,"OPM,FHFA,DOJ",coder,wrecker,"Christopher Stanley had been a long-time aide of Elon Musk with positions as a Security Engineer at both SpaceX and X.com before his arrival at DOGE. He kicked off his involvement by greeting jailed January 6th protestors who had been pardoned by Trump. Since then, he has had a varierty of other erratic appearances on the timeline. He briefly launched a custom AI chatbot on the DOGE website before it was noticed and taken down. On March 17th, he was appointed to the board of Fannie Mae/Freddie Mac, only to resign immediately the next day. More recently, he has been embedded in the Department of Justice as part of the DOGE team building a surveillance system to use against immigrants.",2025-06-XX,reported,resigned,https://www.linkedin.com/in/stanleynetworks/
Mark Steffensen,Steffensen,mark-steffensen,,2025-02-25,2025-02-25,SSA,SSA,lawyer,enabler,,,,,
Jack Stein,Stein,jack-stein,25,2025-04-15,2025-04-15,GSA,GSA,analyst,wrecker,"Recently an investment banking associate at Salem Partners, he is one of the newer members of Nate Cavanaugh's wrecking crew that visited small agencies in April.",,,,
Brian Stube,Stube,brian-stube,,2025-05-(07)~,2025-05-07,DOT,DOT,analyst,wrecker,"Brian Stube was a ""quant"" at the the hedge fund Citadel before 2012, which is also where Adam Hoffman works.",,,,
James Sullivan,Sullivan,james-sullivan,,2025-01-20,2025-01-20,OPM,OPM,,enabler,"A veteran of the first Trump Administration, James Sullivan might not have been considered DOGE before by any media organizations. But he was hired with the Senior Advisor title and on 3/28, he took over as the Chief of Staff at OPM from Amanda Scales. He also is one of the redacted identies in court filings from the OPM. So, I think he counts?",,,,
Christopher Sweet,Sweet,christopher-sweet,,2025-04-(10)~,2025-04-10,HUD,HUD,,wrecker,"Joining DOGE sometime in early April, Christopher Sweet has been based in the Department of Housing and Urban Development (HUD), where he building a custom generative AI model to analyze the agency's regulations and make recommendations of specific parts to cut.",,,,https://www.linkedin.com/in/chris16621747214/
Zach Terrell,Terrell,zach-terrell,25,2025-03-06,2025-03-06,HHS,"HHS,CMS,NSF",coder,wrecker,,,,,
Katrine Trampe,Trampe,katrine-trampe,29,2025-03-05,2025-03-05,DOI,DOI,analyst,wrecker,"Katrine came from a background working for real-estate investment firms. She also reportedly uses the title ""Comtesse"" because her father is a Count with ties to the Danish royal family. All of these are important skills that explain why she needed to be given high-level administrative access to a system at DOI that handles payroll for half of the federal government.",,,,https://www.linkedin.com/in/katrine-trampe-916037229/
Andrew Vilcsak,Vilcsak,andrew-vilcsak,,,2026-07-04,GSA,"GSA,OPM",coder,support,"Coming from Airbnb, he is working alongside fellow alumni Yat Choi and Joe Gebbia on finishing the project to digitize OPM's Online Retirement Application system and rush it into production as a DOGE win. Like Yat Choi, he also appears to be Canadian which would disqualify him from working for the federal government, so he has been hired as a contractor instead.",,,,https://www.linkedin.com/in/vilcsak/
Cary Volpert,Volpert,cary-volpert,34,2025-03-25,2025-03-25,VA,VA,coder,wrecker,"In May, a new rule at the VA mandated that all new contracts for IT and professional services (or that were for more than $10 million) must be formally approved by either Volpert or Christopher Roussos. Previously, he was the founder of a startup that offered social networking for senior citizens, and he graduated from the University of Pennsylvania in 2013. Understandably, there have been concerns that he lacks the experience and expertise to effectively review contracts at the VA, especially since he is reportedly looking to aggressively cancel many of them quickly.",,,,https://www.linkedin.com/in/cary-volpert/
Russell Vought,Vought,russell-vought,,2025-02-07,2025-02-07,EOP,"EOP,CFPB,USAID",executive,leadership,,,,,
Yinon Weiss,Weiss,yinon-weiss,47,2025-02-(18)?,2025-02-18,DOD,DOD,coder,wrecker,"A former Army Special Forces captain, Yinon Weiss is the founder of a startup that sells software for automobile repair shops.",2025-07-XX,reported,resigned,https://www.linkedin.com/in/yweiss/
Owen West,West,owen-west,,2025-07-XX,2025-07-15,DOD,DOD,analyst,wrecker,Owen West is a Marine Corps veteran and former financial analyst at Goldman Sachs. He served as an assistant secretary of defense in the first Trump administration and was reportedly tapped to lead the DOGE team at the Pentagon after the departure of Yinon Weiss.,,,,
Linda Whitridge,Whitridge,linda-whitridge,,2025-02-25,2025-02-25,Treasury,Treasury,,wrecker,There aren't many public details about Linda Whitridge that provide clues to what she is doing for DOGE at the IRS. Her ethics disclosures have revealed that she owns shares of Intuit (who make TurboTax) which is a glaring conflict of interest for someone in her role.,,,,
Jordan Wick,Wick,jordan-wick,28,2025-01-(20)~,2025-01-20,DOGE,"DOGE,USDA,CFPB,DOL,Education,FCC,SBA",coder,wrecker,"Jordan Wick is one of the few early DOGE staffers, who did not have some sort of direct link to Musk or one of his companies, having worked as an engineer at autonomous car company Waymo. He also is a cofounder of a vague civic-technology-with-AI-or-something startup named Accelerate SF with early DOGE booster Anthony Jancso; this is likely what brought him into DOGE. In DOGE itself, he has kept a relatively low profile, but he worked alongside Luke Farritor and Gavin Kliger in DOGE's takeover of the CFPB, and he has stayed on as a full-time staffer at the agency since March 5th, even as he has been deployed elsewhere.",,,,
Joanna Wischer,Wischer,joanna-wischer,,2025-01-20,2025-01-20,OPM,OPM,administrator,support,,,,,https://www.linkedin.com/in/joanna-miller-wischer-2b4239205/
Marshall Wood,Wood,marshall-wood,27,2025-04-21,2025-04-21,GSA,"GSA,USDFC",analyst,wrecker,"A former investment banking associate at Jefferies, Marshall Wood is part of the wrecking crew led by Nate Cavanaugh that has visited multiple independent agencies. He also is a friend of Justin Fox from their days as students at the University of Virginia.",,,,https://www.linkedin.com/in/fmarshallwood/
Ryan Wunderly,Wunderly,ryan-wunderly,26,2025-02-20,2025-02-20,Treasury,Treasury,coder,wrecker,,,,,
Chris Young,Young,chris-young,36,2025-01-30,2025-02-07,OPM,"OPM,CFPB",executive,enabler,,,,,
Bridget Youngs,Youngs,bridget-youngs,29,2025-04-04,2025-04-04,PeaceCorps,PeaceCorps,coder,wrecker,,,,,
